{
  "accuracy": 0.2908,
  "f1_macro": 0.28187116090994485,
  "nll": 4.4639505283244265,
  "ece": 0.09678324331343174
}