{
  "accuracy": 0.2865,
  "f1_macro": 0.278844535750057,
  "nll": 4.463900882123328,
  "ece": 0.09964001181423665
}