{
  "accuracy": 0.8666666666666667,
  "f1_macro": 0.8666666666666667,
  "nll": 0.1519246545382899,
  "ece": 0.10666666825612385
}