{
  "accuracy": 0.8666666666666667,
  "f1_macro": 0.8666666666666667,
  "nll": 0.14903627338074044,
  "ece": 0.10518731276194254
}