{
  "CIFAR-10": {
    "Uniform kNN": {
      "accuracy": 0.8861,
      "f1_macro": 0.8861203923707262,
      "nll": 0.8193429175024303,
      "ece": 0.016479995612800117
    },
    "Distance kNN": {
      "accuracy": 0.8862,
      "f1_macro": 0.8860216427852177,
      "nll": 0.8193476603954656,
      "ece": 0.03474437847733495
    },
    "Attn-KNN (Ours)": {
      "accuracy": 0.8854,
      "f1_macro": 0.8852483782517204,
      "nll": 0.8193438631738196,
      "ece": 0.03292214088290929
    }
  },
  "Iris": {
    "Uniform kNN": {
      "accuracy": 0.9666666666666667,
      "f1_macro": 0.9665831244778612,
      "nll": 0.5314129536649449,
      "ece": 0.033333333333333326
    },
    "Distance kNN": {
      "accuracy": 0.9666666666666667,
      "f1_macro": 0.9665831244778612,
      "nll": 0.5314129536649449,
      "ece": 0.03333333333333338
    },
    "Attn-KNN (Ours)": {
      "accuracy": 0.9666666666666667,
      "f1_macro": 0.9665831244778612,
      "nll": 0.5314129536649449,
      "ece": 0.03333333333333331
    }
  }
}