{
  "CIFAR-10 Uniform": {
    "accuracy": 0.2865,
    "f1_macro": 0.278844535750057,
    "nll": 4.463900882123328,
    "ece": 0.09964001181423665
  },
  "CIFAR-10 Attn-KNN": {
    "accuracy": 0.2908,
    "f1_macro": 0.28187116090994485,
    "nll": 4.4639505283244265,
    "ece": 0.09678324331343174
  },
  "Iris Uniform": {
    "accuracy": 0.8666666666666667,
    "f1_macro": 0.8666666666666667,
    "nll": 0.1519246545382899,
    "ece": 0.10666666825612385
  },
  "Iris Attn-KNN": {
    "accuracy": 0.8666666666666667,
    "f1_macro": 0.8666666666666667,
    "nll": 0.14903627338074044,
    "ece": 0.10518731276194254
  }
}