{
  "main_results": {
    "Uniform kNN": {
      "accuracy": 0.8861,
      "f1_macro": 0.8861203923707262,
      "nll": 0.8193429175024303,
      "ece": 0.016479995612800117
    },
    "Distance kNN": {
      "accuracy": 0.8862,
      "f1_macro": 0.8860216427852177,
      "nll": 0.8193476603954656,
      "ece": 0.03474437847733495
    },
    "Attn-KNN (Ours)": {
      "accuracy": 0.8854,
      "f1_macro": 0.8852483782517204,
      "nll": 0.8193438631738196,
      "ece": 0.03292214088290929
    }
  },
  "k_sweep": {
    "1": {
      "uniform": {
        "accuracy": 0.8653,
        "f1_macro": 0.8652803977103559,
        "nll": 2.147439383244571,
        "ece": 0.13470000000000004
      },
      "distance": {
        "accuracy": 0.8653,
        "f1_macro": 0.8652803977103559,
        "nll": 2.147439383244571,
        "ece": 0.13470000000000004
      },
      "attention": {
        "accuracy": 0.8653,
        "f1_macro": 0.8652803977103559,
        "nll": 2.147439383244571,
        "ece": 0.13470000000000004
      }
    },
    "3": {
      "uniform": {
        "accuracy": 0.8745,
        "f1_macro": 0.8742724068713029,
        "nll": 1.3148371362988098,
        "ece": 0.06753332705497744
      },
      "distance": {
        "accuracy": 0.8745,
        "f1_macro": 0.8740392231012629,
        "nll": 1.3148219648421346,
        "ece": 0.0663687091529369
      },
      "attention": {
        "accuracy": 0.8745,
        "f1_macro": 0.87410624641978,
        "nll": 1.314837377207679,
        "ece": 0.06473764755129814
      }
    },
    "5": {
      "uniform": {
        "accuracy": 0.8803,
        "f1_macro": 0.8801910350585906,
        "nll": 1.0548693641486777,
        "ece": 0.05246000586450104
      },
      "distance": {
        "accuracy": 0.88,
        "f1_macro": 0.8797122568386074,
        "nll": 1.0548600221275708,
        "ece": 0.050838848683238055
      },
      "attention": {
        "accuracy": 0.8799,
        "f1_macro": 0.879625088553776,
        "nll": 1.0548702175482294,
        "ece": 0.04816131749153138
      }
    },
    "10": {
      "uniform": {
        "accuracy": 0.8861,
        "f1_macro": 0.8861203923707262,
        "nll": 0.8193429175024303,
        "ece": 0.016479995612800117
      },
      "distance": {
        "accuracy": 0.8862,
        "f1_macro": 0.8860216427852177,
        "nll": 0.8193476603954656,
        "ece": 0.03474437847733495
      },
      "attention": {
        "accuracy": 0.8854,
        "f1_macro": 0.8852483782517204,
        "nll": 0.8193438631738196,
        "ece": 0.03292214088290929
      }
    },
    "20": {
      "uniform": {
        "accuracy": 0.8881,
        "f1_macro": 0.888154333513906,
        "nll": 0.6584555868927581,
        "ece": 0.014685046651959415
      },
      "distance": {
        "accuracy": 0.8878,
        "f1_macro": 0.8877295021125002,
        "nll": 0.658448597880038,
        "ece": 0.027617849799990643
      },
      "attention": {
        "accuracy": 0.8882,
        "f1_macro": 0.8881143000992953,
        "nll": 0.6584537648037703,
        "ece": 0.025784866765141478
      }
    },
    "50": {
      "uniform": {
        "accuracy": 0.8894,
        "f1_macro": 0.8895011808486265,
        "nll": 0.5416849969122148,
        "ece": 0.027343769678473448
      },
      "distance": {
        "accuracy": 0.8891,
        "f1_macro": 0.8891447654120167,
        "nll": 0.5416742199408905,
        "ece": 0.025375904911756494
      },
      "attention": {
        "accuracy": 0.8897,
        "f1_macro": 0.8897525351995105,
        "nll": 0.5416822753798709,
        "ece": 0.02212209772467615
      }
    }
  },
  "noise_robustness": {
    "0.0": {
      "uniform": {
        "accuracy": 0.8861,
        "f1_macro": 0.8861203923707262,
        "nll": 0.8193429175024303,
        "ece": 0.016479995612800117
      },
      "distance": {
        "accuracy": 0.8862,
        "f1_macro": 0.8860216427852177,
        "nll": 0.8193476603954656,
        "ece": 0.03474437847733495
      },
      "attention": {
        "accuracy": 0.8854,
        "f1_macro": 0.8852483782517204,
        "nll": 0.8193438631738196,
        "ece": 0.03292214088290929
      }
    },
    "0.1": {
      "uniform": {
        "accuracy": 0.8839,
        "f1_macro": 0.8840237989600428,
        "nll": 0.9026711673379648,
        "ece": 0.06031999580413106
      },
      "distance": {
        "accuracy": 0.8841,
        "f1_macro": 0.8839794216819274,
        "nll": 0.9026664904658744,
        "ece": 0.06664403798133137
      },
      "attention": {
        "accuracy": 0.884,
        "f1_macro": 0.8838730516064099,
        "nll": 0.9026717305085129,
        "ece": 0.06668329854905607
      }
    },
    "0.2": {
      "uniform": {
        "accuracy": 0.8832,
        "f1_macro": 0.8831712015801111,
        "nll": 0.9908176326388253,
        "ece": 0.14121996916383506
      },
      "distance": {
        "accuracy": 0.8824,
        "f1_macro": 0.8822376376956598,
        "nll": 0.9908194664562922,
        "ece": 0.14124752754420045
      },
      "attention": {
        "accuracy": 0.8817,
        "f1_macro": 0.8814942049920113,
        "nll": 0.990820185630276,
        "ece": 0.1405194850385189
      }
    },
    "0.3": {
      "uniform": {
        "accuracy": 0.8766,
        "f1_macro": 0.8766208958733943,
        "nll": 1.0844460365152664,
        "ece": 0.22364997853040694
      },
      "distance": {
        "accuracy": 0.8791,
        "f1_macro": 0.8788904984893688,
        "nll": 1.0844288845848493,
        "ece": 0.2261960364297033
      },
      "attention": {
        "accuracy": 0.878,
        "f1_macro": 0.877792404198051,
        "nll": 1.084446713923517,
        "ece": 0.22516891160309319
      }
    }
  },
  "config": {
    "embed_dim": 128,
    "epochs_embedder": 30,
    "learned_temperature": 1.9443435668945312
  }
}