{
  "Uniform kNN": {
    "accuracy": 0.8964,
    "f1_macro": 0.8960809655279232,
    "nll": 0.9173772746729885,
    "ece": 0.025949998304247855
  },
  "Attn-KNN (no TTA)": {
    "accuracy": 0.8962,
    "f1_macro": 0.895804298942098,
    "nll": 0.9173357029049847,
    "ece": 0.054655342805385594
  },
  "Attn-KNN (TTA)": {
    "accuracy": 0.9091,
    "f1_macro": 0.9088107920388829,
    "nll": 0.5093344817103925,
    "ece": 0.08530937725305558
  },
  "Attn-KNN Ensemble": {
    "accuracy": 0.9095,
    "f1_macro": 0.9092115067751795,
    "nll": 0.4323696719470382,
    "ece": 0.08420265414714816
  }
}