{
  "Uniform kNN": {
    "accuracy": 0.9666666666666667,
    "f1_macro": 0.9665831244778612,
    "nll": 0.5314129536649449,
    "ece": 0.033333333333333326
  },
  "Distance kNN": {
    "accuracy": 0.9666666666666667,
    "f1_macro": 0.9665831244778612,
    "nll": 0.5314129536649449,
    "ece": 0.03333333333333338
  },
  "Attn-KNN (Ours)": {
    "accuracy": 0.9666666666666667,
    "f1_macro": 0.9665831244778612,
    "nll": 0.5314129536649449,
    "ece": 0.03333333333333331
  }
}