{
  "Uniform kNN": {
    "accuracy": 0.7814,
    "f1_macro": 0.7806246774349983,
    "nll": 0.7704053160678425,
    "ece": 0.024360553351044655
  },
  "Attn-KNN": {
    "accuracy": 0.768,
    "f1_macro": 0.7674543923905128,
    "nll": 0.888219255339707,
    "ece": 0.03435855809301135
  },
  "Attn-KNN + TTA": {
    "accuracy": 0.7795,
    "f1_macro": 0.77989850997305,
    "nll": 0.786412919786006,
    "ece": 0.12393048392683267
  }
}